
{
    "radios": [
      {
        "name": "NRJ",
        "frequency": "103.9 FM",
        "url": "https://www.nrj.fr/webradios"
      },
      {
        "name": "RTL",
        "frequency": "104.3 FM",
        "url": "https://www.radio.fr/s/rtl"
      },
      {
        "name": "France Bleu Armorique",
        "frequency": "103.1 FM",
        "url": "https://www.francebleu.fr/armorique"
      },
      {
        "name": "SkyRock",
        "frequency": "88.9 FM",
        "url": "https://www.radio.fr/s/skyrock"
      },
      {
        "name": "RFM",
        "frequency": "96.9 FM",
        "url": "https://www.radio.fr/s/rfm"
      },
      {
        "name": "France Inter",
        "frequency": "93.5",
        "url": "https://www.radio.fr/s/franceinter"
      },
      {
        "name": "France Info",
        "frequency": "105.5 FM",
        "url": "https://www.radio.fr/s/franceinfo"
      },
      {
        "name": "FIP",
        "frequency": "101.2 FM",
        "url": "https://www.radio.fr/s/fip"
      },
      {
        "name": "Radio Classique",
        "frequency": "92.3 FM",
        "url": "https://www.radio.fr/s/radioclassique"
      }
    ]
  }
  
